{
   "coax_length": 0.04640706590905134,
   "LJmin": 2.2519924005980804e-12,
   "L0": 7.850512215034593e-11,
   "C0": 6.122588278642505e-12,
   "Cin": 8.147442219500046e-13,
   "phi": 0.20882460082733453
}