{
   "L1": 7.813272037849554e-11,
   "L2": 4.3384326126600684e-11,
   "L3": 1.353005916665764e-10,
   "C1": 2.03014101156142e-14,
   "C2": 1.952058664962904e-14,
   "C3": 2.03014101156142e-14
}